-- phpMyAdmin SQL Dump
-- version 5.2.1
-- https://www.phpmyadmin.net/
--
-- Host: 127.0.0.1
-- Generation Time: Jun 03, 2026 at 02:46 PM
-- Server version: 10.4.32-MariaDB
-- PHP Version: 8.2.12

SET SQL_MODE = "NO_AUTO_VALUE_ON_ZERO";
START TRANSACTION;
SET time_zone = "+00:00";


/*!40101 SET @OLD_CHARACTER_SET_CLIENT=@@CHARACTER_SET_CLIENT */;
/*!40101 SET @OLD_CHARACTER_SET_RESULTS=@@CHARACTER_SET_RESULTS */;
/*!40101 SET @OLD_COLLATION_CONNECTION=@@COLLATION_CONNECTION */;
/*!40101 SET NAMES utf8mb4 */;

--
-- Database: `pm`
--

-- --------------------------------------------------------

--
-- Table structure for table `activity_log`
--

CREATE TABLE `activity_log` (
  `PROJECT_ID` varchar(38) DEFAULT NULL,
  `TASK_ID` varchar(100) DEFAULT NULL,
  `TASK_DET` varchar(100) DEFAULT NULL,
  `ACTIVITY` varchar(255) DEFAULT NULL,
  `PICTURE` varchar(255) DEFAULT NULL,
  `INPUTBY` varchar(100) DEFAULT NULL,
  `STATUS1` varchar(100) DEFAULT NULL,
  `SYSDATE1` date DEFAULT NULL,
  `ATT1` varchar(100) DEFAULT NULL,
  `ATT2` varchar(100) DEFAULT NULL,
  `ATT3` varchar(100) DEFAULT NULL,
  `ATT4` varchar(100) DEFAULT NULL,
  `ATT5` varchar(100) DEFAULT NULL,
  `UPDATETIME` date DEFAULT NULL,
  `ID` int(11) NOT NULL,
  `TESTING` varchar(100) DEFAULT NULL
) ENGINE=InnoDB DEFAULT CHARSET=utf8mb4 COLLATE=utf8mb4_general_ci;

--
-- Dumping data for table `activity_log`
--

INSERT INTO `activity_log` (`PROJECT_ID`, `TASK_ID`, `TASK_DET`, `ACTIVITY`, `PICTURE`, `INPUTBY`, `STATUS1`, `SYSDATE1`, `ATT1`, `ATT2`, `ATT3`, `ATT4`, `ATT5`, `UPDATETIME`, `ID`, `TESTING`) VALUES
('5', '1', 'hasil diskusi untuk plan kedepan nya', 'STAGE 1. PLAN & DEFINE PROGRAM', '[11]', 'pm', '1', '2026-05-17', NULL, NULL, NULL, NULL, NULL, NULL, 3, NULL),
('5', '3', 'testt', 'DVP/Test Plan', '[12]', 'pm', '1', '2026-05-17', NULL, NULL, NULL, NULL, NULL, NULL, 4, NULL);

-- --------------------------------------------------------

--
-- Table structure for table `client`
--

CREATE TABLE `client` (
  `CLIENT_ORA` varchar(100) DEFAULT NULL,
  `NAME` varchar(100) DEFAULT NULL,
  `COMPANY` varchar(100) DEFAULT NULL,
  `COUNTRY` varchar(100) DEFAULT NULL,
  `ADDRESS` varchar(255) DEFAULT NULL,
  `EMAIL` varchar(100) DEFAULT NULL,
  `PHONE` varchar(100) DEFAULT NULL,
  `STATUS1` varchar(100) DEFAULT NULL,
  `SYSDATE1` date DEFAULT NULL,
  `ATT1` varchar(100) DEFAULT NULL,
  `ATT2` varchar(100) DEFAULT NULL,
  `ATT3` varchar(100) DEFAULT NULL,
  `ATT4` varchar(100) DEFAULT NULL,
  `ATT5` varchar(100) DEFAULT NULL,
  `UPDATETIME` date DEFAULT NULL,
  `ORDER` int(11) DEFAULT NULL,
  `ID` int(11) NOT NULL
) ENGINE=InnoDB DEFAULT CHARSET=utf8mb4 COLLATE=utf8mb4_general_ci;

--
-- Dumping data for table `client`
--

INSERT INTO `client` (`CLIENT_ORA`, `NAME`, `COMPANY`, `COUNTRY`, `ADDRESS`, `EMAIL`, `PHONE`, `STATUS1`, `SYSDATE1`, `ATT1`, `ATT2`, `ATT3`, `ATT4`, `ATT5`, `UPDATETIME`, `ORDER`, `ID`) VALUES
('123', 'DAIHATSU', 'ADM', 'Indonesia', 'indonesia', NULL, NULL, '1', '2026-04-25', NULL, NULL, NULL, NULL, NULL, NULL, NULL, 1);

-- --------------------------------------------------------

--
-- Table structure for table `defect`
--

CREATE TABLE `defect` (
  `DEPT` varchar(100) DEFAULT NULL,
  `LINE` varchar(100) DEFAULT NULL,
  `DEF_TYPE` varchar(100) DEFAULT NULL,
  `DEF_MAKING` varchar(100) DEFAULT NULL,
  `DEFECT` varchar(100) DEFAULT NULL,
  `INIT` varchar(100) DEFAULT NULL,
  `STATUS1` varchar(100) DEFAULT NULL,
  `SYSDATE1` date DEFAULT NULL,
  `ATT1` varchar(100) DEFAULT NULL,
  `ATT2` varchar(100) DEFAULT NULL,
  `ATT3` varchar(100) DEFAULT NULL,
  `ATT4` varchar(100) DEFAULT NULL,
  `ATT5` varchar(100) DEFAULT NULL,
  `ISACTIVE` varchar(100) DEFAULT NULL,
  `UPDATETIME` varchar(100) DEFAULT NULL,
  `ORDER` decimal(38,0) DEFAULT NULL,
  `ID` int(11) NOT NULL
) ENGINE=InnoDB DEFAULT CHARSET=utf8mb4 COLLATE=utf8mb4_general_ci;

--
-- Dumping data for table `defect`
--

INSERT INTO `defect` (`DEPT`, `LINE`, `DEF_TYPE`, `DEF_MAKING`, `DEFECT`, `INIT`, `STATUS1`, `SYSDATE1`, `ATT1`, `ATT2`, `ATT3`, `ATT4`, `ATT5`, `ISACTIVE`, `UPDATETIME`, `ORDER`, `ID`) VALUES
(NULL, '71', '71', 'CASTING', 'Layer', 'process', NULL, '2026-05-06', NULL, NULL, NULL, NULL, NULL, NULL, 'NULL', 1, 29),
(NULL, '71', '71', 'CASTING', 'Kropos', 'process', NULL, '2026-05-15', NULL, NULL, NULL, NULL, NULL, NULL, NULL, 1, 30),
(NULL, '71', '71', 'CASTING', 'Over Flow', 'process', NULL, '2026-05-15', NULL, NULL, NULL, NULL, NULL, NULL, NULL, 1, 31),
(NULL, '71', '71', 'CASTING', 'Cacat Handling', 'process', NULL, '2026-05-15', NULL, NULL, NULL, NULL, NULL, NULL, NULL, 1, 32),
(NULL, '71', '71', 'CASTING', 'Inklusi', 'process', NULL, '2026-05-15', NULL, NULL, NULL, NULL, NULL, NULL, NULL, 1, 33),
(NULL, '72', '72', 'FLOW FORMING', 'Pin Dalam', 'process', NULL, '2026-05-06', NULL, NULL, NULL, NULL, NULL, NULL, NULL, 2, 34),
(NULL, '72', '72', 'FLOW', 'Trial', 'process', NULL, '2026-05-15', NULL, NULL, NULL, NULL, NULL, NULL, NULL, 2, 35),
(NULL, '72', '72', 'FLOW', 'Kropos', 'process', NULL, '2026-05-15', NULL, NULL, NULL, NULL, NULL, NULL, NULL, 2, 36),
(NULL, '72', '72', 'FLOW', 'Layer', 'process', NULL, '2026-05-15', NULL, NULL, NULL, NULL, NULL, NULL, NULL, 2, 37),
(NULL, '72', '72', 'FLOW', 'Cacat Handling', 'process', NULL, '2026-05-15', NULL, NULL, NULL, NULL, NULL, NULL, NULL, 2, 38),
(NULL, '73', '73', 'NG CASTING', 'Bolong', 'process', NULL, '2026-05-06', NULL, NULL, NULL, NULL, NULL, NULL, NULL, 3, 39),
(NULL, '73', '73', 'NG CASTING', 'Cekung', 'process', NULL, '2026-05-15', NULL, NULL, NULL, NULL, NULL, NULL, NULL, 3, 40),
(NULL, '73', '73', 'NG CASTING', 'Cembung', 'process', NULL, '2026-05-15', NULL, NULL, NULL, NULL, NULL, NULL, NULL, 3, 41),
(NULL, '73', '73', 'NG CASTING', 'Gompal', 'process', NULL, '2026-05-15', NULL, NULL, NULL, NULL, NULL, NULL, NULL, 3, 42),
(NULL, '73', '73', 'NG CASTING', 'No Marking', 'process', NULL, '2026-05-15', NULL, NULL, NULL, NULL, NULL, NULL, NULL, 3, 43),
(NULL, '74', '74', 'PAINTING', 'Rim Kotor', 'process', NULL, '2026-05-06', NULL, NULL, NULL, NULL, NULL, NULL, NULL, 4, 44),
(NULL, '74', '74', 'PAINTING', 'Cat Kelupas', 'process', NULL, '2026-05-15', NULL, NULL, NULL, NULL, NULL, NULL, NULL, 4, 45),
(NULL, '74', '74', 'PAINTING', 'Cat Tipis', 'process', NULL, '2026-05-15', NULL, NULL, NULL, NULL, NULL, NULL, NULL, 4, 46),
(NULL, '74', '74', 'PAINTING', 'Amplasan Kasar', 'process', NULL, '2026-05-15', NULL, NULL, NULL, NULL, NULL, NULL, NULL, 4, 47),
(NULL, '74', '74', 'PAINTING', 'Dempul', 'process', NULL, '2026-05-15', NULL, NULL, NULL, NULL, NULL, NULL, NULL, 4, 48),
(NULL, '75', '75', 'REPAIR', 'Baret', 'process', NULL, '2026-05-06', NULL, NULL, NULL, NULL, NULL, NULL, NULL, 5, 49),
(NULL, '75', '75', 'REPAIR', 'Baret', 'process', NULL, '2026-05-15', NULL, NULL, NULL, NULL, NULL, NULL, NULL, 5, 50),
(NULL, '75', '75', 'REPAIR', 'Chiping', 'process', NULL, '2026-05-15', NULL, NULL, NULL, NULL, NULL, NULL, NULL, 5, 51),
(NULL, '75', '75', 'REPAIR', 'Tidak Terpotong', 'process', NULL, '2026-05-15', NULL, NULL, NULL, NULL, NULL, NULL, NULL, 5, 52),
(NULL, '75', '75', 'REPAIR', 'Tajam Nut', 'process', NULL, '2026-05-15', NULL, NULL, NULL, NULL, NULL, NULL, NULL, 5, 53),
(NULL, '76', '76', 'CAST', 'Bolong', 'process', NULL, '2026-05-15', NULL, NULL, NULL, NULL, NULL, NULL, NULL, 6, 54),
(NULL, '76', '76', 'CAST', 'Pin Hole', 'process', NULL, '2026-05-15', NULL, NULL, NULL, NULL, NULL, NULL, NULL, 6, 55),
(NULL, '76', '76', 'CAST', 'Cacat Dies', 'process', NULL, '2026-05-15', NULL, NULL, NULL, NULL, NULL, NULL, NULL, 6, 56),
(NULL, '76', '76', 'CAST', 'Pin Dalam', 'process', NULL, '2026-05-15', NULL, NULL, NULL, NULL, NULL, NULL, NULL, 6, 57),
(NULL, '76', '76', 'CAST', 'Blow Hole', 'process', NULL, '2026-05-15', NULL, NULL, NULL, NULL, NULL, NULL, NULL, 6, 58),
(NULL, '77', '77', 'MACH', 'Cacat Buring', 'process', NULL, '2026-05-15', NULL, NULL, NULL, NULL, NULL, NULL, NULL, 7, 59),
(NULL, '77', '77', 'MACH', 'Tajam Handhole', 'process', NULL, '2026-05-15', NULL, NULL, NULL, NULL, NULL, NULL, NULL, 7, 60),
(NULL, '77', '77', 'MACH', 'Tajam Flensa', 'process', NULL, '2026-05-15', NULL, NULL, NULL, NULL, NULL, NULL, NULL, 7, 61),
(NULL, '77', '77', 'MACH', 'No Marking', 'process', NULL, '2026-05-15', NULL, NULL, NULL, NULL, NULL, NULL, NULL, 7, 62),
(NULL, '77', '77', 'MACH', 'Flensa Cacat', 'process', NULL, '2026-05-15', NULL, NULL, NULL, NULL, NULL, NULL, NULL, 7, 63);

-- --------------------------------------------------------

--
-- Table structure for table `holiday`
--

CREATE TABLE `holiday` (
  `DATE` date DEFAULT NULL,
  `DESCRIPTION` varchar(100) DEFAULT NULL,
  `STATUS1` varchar(100) DEFAULT NULL,
  `SYSDATE1` date DEFAULT NULL,
  `ID` int(11) NOT NULL
) ENGINE=InnoDB DEFAULT CHARSET=utf8mb4 COLLATE=utf8mb4_general_ci;

--
-- Dumping data for table `holiday`
--

INSERT INTO `holiday` (`DATE`, `DESCRIPTION`, `STATUS1`, `SYSDATE1`, `ID`) VALUES
('2026-02-17', 'Imlek', '1', '2025-11-18', 1),
('2026-03-19', 'Tahun baru saka', '1', '2025-11-18', 2),
('2026-03-21', 'Idul fitri', '1', '2025-11-18', 3),
('2026-03-22', 'Idul fitri', '1', '2025-11-18', 4),
('2026-04-03', 'Wafat yesus kristus', '1', '2026-01-15', 5),
('2026-04-05', 'Paskah', '1', '2025-11-18', 6),
('2026-05-01', 'Hari buruh', '1', '2025-11-18', 7),
('2026-05-14', 'Kenaikan yesus kristus', '1', '2025-11-18', 8),
('2026-05-27', 'Idul adha', '1', '2025-11-18', 9),
('2026-05-31', 'Waisak', '1', '2025-11-18', 10),
('2026-06-01', 'Hari pancasila', '1', '2025-11-18', 11),
('2026-06-16', '1 muharram', '1', '2025-11-18', 12),
('2026-08-17', 'Proklamasi', '1', '2025-11-18', 13),
('2026-08-25', 'Maulid Nabi', '1', '2025-11-18', 14),
('2026-03-25', 'Cuti Bersama', '1', '2026-02-13', 15),
('2026-01-01', 'New Years', '1', '2025-11-07', 16),
('2026-01-16', 'Isra miraj', '1', '2025-11-10', 17);

-- --------------------------------------------------------

--
-- Table structure for table `invoice_mgmt`
--

CREATE TABLE `invoice_mgmt` (
  `INVOICE_ID` varchar(100) DEFAULT NULL,
  `CLIENT_ID` varchar(100) DEFAULT NULL,
  `PROJECT_ID` varchar(100) DEFAULT NULL,
  `DATE_CREATED` date DEFAULT NULL,
  `AMOUNT` decimal(38,0) DEFAULT NULL,
  `PAID` decimal(38,0) DEFAULT NULL,
  `DUE` decimal(38,0) DEFAULT NULL,
  `REMARKS` varchar(100) DEFAULT NULL,
  `ATT1` varchar(100) DEFAULT NULL,
  `ATT2` varchar(100) DEFAULT NULL,
  `ATT3` varchar(100) DEFAULT NULL,
  `ATT4` varchar(100) DEFAULT NULL,
  `ATT5` varchar(100) DEFAULT NULL,
  `UPDATETIME` date DEFAULT NULL,
  `STATUS1` varchar(100) DEFAULT NULL,
  `SYSDATE1` date DEFAULT NULL,
  `ID` int(11) NOT NULL
) ENGINE=InnoDB DEFAULT CHARSET=utf8mb4 COLLATE=utf8mb4_general_ci;

--
-- Dumping data for table `invoice_mgmt`
--

INSERT INTO `invoice_mgmt` (`INVOICE_ID`, `CLIENT_ID`, `PROJECT_ID`, `DATE_CREATED`, `AMOUNT`, `PAID`, `DUE`, `REMARKS`, `ATT1`, `ATT2`, `ATT3`, `ATT4`, `ATT5`, `UPDATETIME`, `STATUS1`, `SYSDATE1`, `ID`) VALUES
(NULL, '123', '5', '2026-05-17', 10000000, NULL, NULL, 'Bahan Baku', NULL, NULL, NULL, NULL, NULL, NULL, NULL, NULL, 3),
(NULL, '123', '7', '2026-05-23', 1000, NULL, NULL, 'jksahfkha', NULL, NULL, NULL, NULL, NULL, NULL, NULL, NULL, 4);

-- --------------------------------------------------------

--
-- Table structure for table `lov`
--

CREATE TABLE `lov` (
  `LOV_ID` varchar(100) DEFAULT NULL,
  `DESCRIPTION` varchar(100) DEFAULT NULL,
  `VALUE` varchar(100) DEFAULT NULL,
  `INIT` varchar(100) DEFAULT NULL,
  `STATUS1` varchar(100) DEFAULT NULL,
  `SYSDATE1` date DEFAULT NULL,
  `ATT1` varchar(100) DEFAULT NULL,
  `ATT2` varchar(100) DEFAULT NULL,
  `ATT3` varchar(100) DEFAULT NULL,
  `ATT4` varchar(100) DEFAULT NULL,
  `ATT5` varchar(100) DEFAULT NULL,
  `ISACTIVE` varchar(100) DEFAULT NULL,
  `UPDATETIME` varchar(100) DEFAULT NULL,
  `ORDER` decimal(38,0) DEFAULT NULL,
  `ID` int(11) NOT NULL
) ENGINE=InnoDB DEFAULT CHARSET=utf8mb4 COLLATE=utf8mb4_general_ci;

--
-- Dumping data for table `lov`
--

INSERT INTO `lov` (`LOV_ID`, `DESCRIPTION`, `VALUE`, `INIT`, `STATUS1`, `SYSDATE1`, `ATT1`, `ATT2`, `ATT3`, `ATT4`, `ATT5`, `ISACTIVE`, `UPDATETIME`, `ORDER`, `ID`) VALUES
('1', 'Open', NULL, 'status', NULL, '2026-04-18', NULL, NULL, NULL, NULL, NULL, NULL, NULL, NULL, 30),
('2', 'In progress', NULL, 'status', NULL, '2026-04-18', NULL, NULL, NULL, NULL, NULL, NULL, NULL, NULL, 31),
('3', 'Completed', NULL, 'status', NULL, '2026-04-18', NULL, NULL, NULL, NULL, NULL, NULL, NULL, NULL, 32),
('4', 'On hold', NULL, 'status', NULL, '2026-04-18', NULL, NULL, NULL, NULL, NULL, NULL, NULL, NULL, 33),
('5', 'Cancelled', NULL, 'status', NULL, '2026-04-18', NULL, NULL, NULL, NULL, NULL, NULL, NULL, NULL, 34),
('6', 'Design planning', NULL, 'complexity', NULL, '2026-04-18', NULL, NULL, NULL, NULL, NULL, NULL, NULL, NULL, 35),
('7', 'Tooling mtg', NULL, 'complexity', NULL, '2026-04-18', NULL, NULL, NULL, NULL, NULL, NULL, NULL, NULL, 36),
('8', 'T0', NULL, 'complexity', NULL, '2026-04-18', NULL, NULL, NULL, NULL, NULL, NULL, NULL, NULL, 37),
('9', 'T1', NULL, 'complexity', NULL, '2026-04-18', NULL, NULL, NULL, NULL, NULL, NULL, NULL, NULL, 38),
('10', 'T2', NULL, 'complexity', NULL, '2026-04-18', NULL, NULL, NULL, NULL, NULL, NULL, NULL, NULL, 39),
('11', 'T3', NULL, 'complexity', NULL, '2026-04-18', NULL, NULL, NULL, NULL, NULL, NULL, NULL, NULL, 40),
('12', 'T4', NULL, 'complexity', NULL, '2026-04-18', NULL, NULL, NULL, NULL, NULL, NULL, NULL, NULL, 41),
('13', 'LVPT', NULL, 'complexity', NULL, '2026-04-18', NULL, NULL, NULL, NULL, NULL, NULL, NULL, NULL, 42),
('14', 'HVPT', NULL, 'complexity', NULL, '2026-04-18', NULL, NULL, NULL, NULL, NULL, NULL, NULL, NULL, 43),
('15', 'Masspro', NULL, 'complexity', NULL, '2026-04-18', NULL, NULL, NULL, NULL, NULL, NULL, NULL, NULL, 44),
('16', 'IPC', NULL, 'complexity', NULL, '2026-04-18', NULL, NULL, NULL, NULL, NULL, NULL, NULL, NULL, 45),
('17', 'Low', NULL, 'priority', NULL, '2026-04-18', NULL, NULL, NULL, NULL, NULL, NULL, NULL, NULL, 46),
('18', 'Medium', NULL, 'priority', NULL, '2026-04-18', NULL, NULL, NULL, NULL, NULL, NULL, NULL, NULL, 47),
('19', 'High', NULL, 'priority', NULL, '2026-04-18', NULL, NULL, NULL, NULL, NULL, NULL, NULL, NULL, 48),
('20', 'Milestone', NULL, 'category', NULL, '2026-04-18', NULL, NULL, NULL, NULL, NULL, NULL, NULL, NULL, 49),
('21', 'Activity', NULL, 'category', NULL, '2026-04-18', NULL, NULL, NULL, NULL, NULL, NULL, NULL, NULL, 50),
('22', 'Full time', NULL, 'emptype', NULL, '2026-04-18', NULL, NULL, NULL, NULL, NULL, NULL, NULL, NULL, 51),
('23', 'Part time', NULL, 'emptype', NULL, '2026-04-18', NULL, NULL, NULL, NULL, NULL, NULL, NULL, NULL, 52),
('24', 'Project management', NULL, 'empdept', NULL, '2026-04-18', NULL, NULL, NULL, NULL, NULL, NULL, NULL, NULL, 53),
('25', 'Product development', NULL, 'empdept', NULL, '2026-04-18', NULL, NULL, NULL, NULL, NULL, NULL, NULL, NULL, 54),
('26', 'Mold Design', NULL, 'empdept', NULL, '2026-04-18', NULL, NULL, NULL, NULL, NULL, NULL, NULL, NULL, 55),
('27', 'PE Casting', NULL, 'empdept', NULL, '2026-04-18', NULL, NULL, NULL, NULL, NULL, NULL, NULL, NULL, 56),
('28', 'PE Machining', NULL, 'empdept', NULL, '2026-04-18', NULL, NULL, NULL, NULL, NULL, NULL, NULL, NULL, 57),
('29', 'PE Painting', NULL, 'empdept', NULL, '2026-04-18', NULL, NULL, NULL, NULL, NULL, NULL, NULL, NULL, 58),
('30', 'QE', NULL, 'empdept', NULL, '2026-04-18', NULL, NULL, NULL, NULL, NULL, NULL, NULL, NULL, 63),
('31', 'QA testing', NULL, 'empdept', NULL, '2026-04-18', NULL, NULL, NULL, NULL, NULL, NULL, NULL, NULL, 64),
('32', 'QA', NULL, 'empdept', NULL, '2026-04-18', NULL, NULL, NULL, NULL, NULL, NULL, NULL, NULL, 65),
('33', 'Dieshop', NULL, 'empdept', NULL, '2026-04-18', NULL, NULL, NULL, NULL, NULL, NULL, NULL, NULL, 66),
('34', 'Subcont', NULL, 'empdept', NULL, '2026-04-18', NULL, NULL, NULL, NULL, NULL, NULL, NULL, NULL, 67),
('35', 'Amend', NULL, 'riskcat', NULL, '2026-04-18', NULL, NULL, NULL, NULL, NULL, NULL, NULL, NULL, 68),
('36', 'Issue', NULL, 'riskcat', NULL, '2026-04-18', NULL, NULL, NULL, NULL, NULL, NULL, NULL, NULL, 69),
('37', 'Risk', NULL, 'riskcat', NULL, '2026-04-18', NULL, NULL, NULL, NULL, NULL, NULL, NULL, NULL, 70),
('38', 'Question', NULL, 'riskcat', NULL, '2026-04-18', NULL, NULL, NULL, NULL, NULL, NULL, NULL, NULL, 71),
('39', 'Other', NULL, 'riskcat', NULL, '2026-04-18', NULL, NULL, NULL, NULL, NULL, NULL, NULL, NULL, 72),
('40', 'Requested', NULL, 'riskstat', NULL, '2026-04-18', NULL, NULL, NULL, NULL, NULL, NULL, NULL, NULL, 73),
('41', 'Approved', NULL, 'riskstat', NULL, '2026-04-18', NULL, NULL, NULL, NULL, NULL, NULL, NULL, NULL, 74),
('42', 'Planning', NULL, 'riskstat', NULL, '2026-04-18', NULL, NULL, NULL, NULL, NULL, NULL, NULL, NULL, 75),
('43', 'In progress', NULL, 'riskstat', NULL, '2026-04-18', NULL, NULL, NULL, NULL, NULL, NULL, NULL, NULL, 76),
('44', 'Complete', NULL, 'riskstat', NULL, '2026-04-18', NULL, NULL, NULL, NULL, NULL, NULL, NULL, NULL, 77),
('45', 'On hold', NULL, 'riskstat', NULL, '2026-04-18', NULL, NULL, NULL, NULL, NULL, NULL, NULL, NULL, 78),
('46', 'Waiting approval', NULL, 'riskstat', NULL, '2026-04-18', NULL, NULL, NULL, NULL, NULL, NULL, NULL, NULL, 79),
('47', 'True', NULL, 'flag', NULL, '2026-04-18', NULL, NULL, NULL, NULL, NULL, NULL, NULL, NULL, 80),
('48', 'False', NULL, 'flag', NULL, '2026-04-18', NULL, NULL, NULL, NULL, NULL, NULL, NULL, NULL, 81),
('49', '0', NULL, 'progress', NULL, '2026-04-18', NULL, NULL, NULL, NULL, NULL, NULL, NULL, NULL, 82),
('50', '5', NULL, 'progress', NULL, '2026-04-18', NULL, NULL, NULL, NULL, NULL, NULL, NULL, NULL, 83),
('51', '10', NULL, 'progress', NULL, '2026-04-18', NULL, NULL, NULL, NULL, NULL, NULL, NULL, NULL, 84),
('52', '15', NULL, 'progress', NULL, '2026-04-18', NULL, NULL, NULL, NULL, NULL, NULL, NULL, NULL, 85),
('53', '20', NULL, 'progress', NULL, '2026-04-18', NULL, NULL, NULL, NULL, NULL, NULL, NULL, NULL, 86),
('54', '25', NULL, 'progress', NULL, '2026-04-18', NULL, NULL, NULL, NULL, NULL, NULL, NULL, NULL, 87),
('55', '30', NULL, 'progress', NULL, '2026-04-18', NULL, NULL, NULL, NULL, NULL, NULL, NULL, NULL, 88),
('56', '35', NULL, 'progress', NULL, '2026-04-18', NULL, NULL, NULL, NULL, NULL, NULL, NULL, NULL, 89),
('57', '40', NULL, 'progress', NULL, '2026-04-18', NULL, NULL, NULL, NULL, NULL, NULL, NULL, NULL, 90),
('58', '45', NULL, 'progress', NULL, '2026-04-18', NULL, NULL, NULL, NULL, NULL, NULL, NULL, NULL, 91),
('59', '50', NULL, 'progress', NULL, '2026-04-18', NULL, NULL, NULL, NULL, NULL, NULL, NULL, NULL, 92),
('60', '55', NULL, 'progress', NULL, '2026-04-18', NULL, NULL, NULL, NULL, NULL, NULL, NULL, NULL, 93),
('61', '60', NULL, 'progress', NULL, '2026-04-18', NULL, NULL, NULL, NULL, NULL, NULL, NULL, NULL, 94),
('62', '65', NULL, 'progress', NULL, '2026-04-18', NULL, NULL, NULL, NULL, NULL, NULL, NULL, NULL, 95),
('63', '70', NULL, 'progress', NULL, '2026-04-18', NULL, NULL, NULL, NULL, NULL, NULL, NULL, NULL, 96),
('64', '75', NULL, 'progress', NULL, '2026-04-18', NULL, NULL, NULL, NULL, NULL, NULL, NULL, NULL, 97),
('65', '80', NULL, 'progress', NULL, '2026-04-18', NULL, NULL, NULL, NULL, NULL, NULL, NULL, NULL, 98),
('66', '85', NULL, 'progress', NULL, '2026-04-18', NULL, NULL, NULL, NULL, NULL, NULL, NULL, NULL, 99),
('67', '90', NULL, 'progress', NULL, '2026-04-18', NULL, NULL, NULL, NULL, NULL, NULL, NULL, NULL, 100),
('68', '95', NULL, 'progress', NULL, '2026-04-18', NULL, NULL, NULL, NULL, NULL, NULL, NULL, NULL, 101),
('69', '100', NULL, 'progress', NULL, '2026-04-18', NULL, NULL, NULL, NULL, NULL, NULL, NULL, NULL, 113),
('70', 'Sub-Activity', NULL, 'category', NULL, '2026-04-18', NULL, NULL, NULL, NULL, NULL, NULL, NULL, NULL, 114),
('71', 'Casting', NULL, 'process', NULL, '2026-04-18', NULL, NULL, NULL, NULL, NULL, NULL, NULL, NULL, 115),
('72', 'Flow Forming', NULL, 'process', NULL, '2026-04-18', NULL, NULL, NULL, NULL, NULL, NULL, NULL, NULL, 116),
('73', 'Machining', NULL, 'process', NULL, '2026-04-18', NULL, NULL, NULL, NULL, NULL, NULL, NULL, NULL, 117),
('74', 'Painting 1', NULL, 'process', NULL, '2026-04-18', NULL, NULL, NULL, NULL, NULL, NULL, NULL, NULL, 118),
('75', 'CNC 3', NULL, 'process', NULL, '2026-04-18', NULL, NULL, NULL, NULL, NULL, NULL, NULL, NULL, 119),
('76', 'Painting 2', NULL, 'process', NULL, '2026-04-18', NULL, NULL, NULL, NULL, NULL, NULL, NULL, NULL, 120),
('77', 'Ok ratio', NULL, 'stdproc', NULL, '2026-04-18', NULL, NULL, NULL, NULL, NULL, NULL, NULL, NULL, 121),
('78', 'CT', NULL, 'stdproc', NULL, '2026-04-18', NULL, NULL, NULL, NULL, NULL, NULL, NULL, NULL, 122),
('79', 'Berat', NULL, 'stdproc', NULL, '2026-04-18', NULL, NULL, NULL, NULL, NULL, NULL, NULL, NULL, 123),
('80', 'PM', NULL, 'role', NULL, NULL, NULL, NULL, NULL, NULL, NULL, NULL, NULL, NULL, 124),
('81', 'PE', NULL, 'role', NULL, NULL, NULL, NULL, NULL, NULL, NULL, NULL, NULL, NULL, 125),
('82', 'QA', NULL, 'role', NULL, NULL, NULL, NULL, NULL, NULL, NULL, NULL, NULL, NULL, 126);

-- --------------------------------------------------------

--
-- Table structure for table `project`
--

CREATE TABLE `project` (
  `PROJECT_NAME` varchar(100) DEFAULT NULL,
  `RESPONSIBLE` varchar(100) DEFAULT NULL,
  `CLIENT` varchar(100) DEFAULT NULL,
  `BUDGET` decimal(38,0) DEFAULT NULL,
  `START_DATE` date DEFAULT NULL,
  `DAYS` decimal(38,0) DEFAULT NULL,
  `END_DATE` date DEFAULT NULL,
  `COMPLEXITY` varchar(100) DEFAULT NULL,
  `PRIORITY` varchar(100) DEFAULT NULL,
  `STATUS` varchar(100) DEFAULT NULL,
  `INVOICED` decimal(38,0) DEFAULT NULL,
  `BUDGET_REMAINING` decimal(38,0) DEFAULT NULL,
  `TASK_PROGRESS` decimal(38,0) DEFAULT NULL,
  `MILESTONE` decimal(38,0) DEFAULT NULL,
  `TASKS` decimal(38,0) DEFAULT NULL,
  `TASK_COMPLETED` decimal(38,0) DEFAULT NULL,
  `PLAN_HOUR` decimal(38,0) DEFAULT NULL,
  `ACTUAL_HOUR` decimal(38,0) DEFAULT NULL,
  `BILLABLE_EXPENSE` decimal(38,0) DEFAULT NULL,
  `RISK` varchar(100) DEFAULT NULL,
  `ACT_DAY` decimal(38,0) DEFAULT NULL,
  `ATT1` varchar(100) DEFAULT NULL,
  `ATT2` varchar(100) DEFAULT NULL,
  `ATT3` varchar(100) DEFAULT NULL,
  `ATT4` varchar(100) DEFAULT NULL,
  `ATT5` varchar(100) DEFAULT NULL,
  `STATUS1` varchar(100) DEFAULT NULL,
  `UPDATETIME` date DEFAULT NULL,
  `SYSDATE1` date DEFAULT NULL,
  `ID` int(11) NOT NULL
) ENGINE=InnoDB DEFAULT CHARSET=utf8mb4 COLLATE=utf8mb4_general_ci;

--
-- Dumping data for table `project`
--

INSERT INTO `project` (`PROJECT_NAME`, `RESPONSIBLE`, `CLIENT`, `BUDGET`, `START_DATE`, `DAYS`, `END_DATE`, `COMPLEXITY`, `PRIORITY`, `STATUS`, `INVOICED`, `BUDGET_REMAINING`, `TASK_PROGRESS`, `MILESTONE`, `TASKS`, `TASK_COMPLETED`, `PLAN_HOUR`, `ACTUAL_HOUR`, `BILLABLE_EXPENSE`, `RISK`, `ACT_DAY`, `ATT1`, `ATT2`, `ATT3`, `ATT4`, `ATT5`, `STATUS1`, `UPDATETIME`, `SYSDATE1`, `ID`) VALUES
('PH123', '123456', '123', 60000000, '2026-05-18', 50, '2026-07-24', NULL, '19', '2', NULL, NULL, NULL, NULL, NULL, NULL, NULL, NULL, NULL, NULL, NULL, NULL, NULL, NULL, NULL, NULL, NULL, NULL, '2026-05-17', 5),
('Testing 1', '123457', '123', 10000, '2026-05-22', 6, '2026-05-31', NULL, '17', '2', NULL, NULL, NULL, NULL, NULL, NULL, NULL, NULL, NULL, NULL, NULL, NULL, NULL, NULL, NULL, NULL, NULL, NULL, '2026-05-22', 7);

-- --------------------------------------------------------

--
-- Table structure for table `project_task`
--

CREATE TABLE `project_task` (
  `TASK_ID` varchar(100) DEFAULT NULL,
  `PROJECT_ID` varchar(100) DEFAULT NULL,
  `MILESTONE_TASK` varchar(100) DEFAULT NULL,
  `IS_MILESTONE` varchar(100) DEFAULT NULL,
  `RESPONSIBLE` varchar(100) DEFAULT NULL,
  `PLAN_START` date DEFAULT NULL,
  `PLAN_DURATION` int(11) DEFAULT NULL,
  `PLAN_END` date DEFAULT NULL,
  `ACTUAL_START` date DEFAULT NULL,
  `ACTUAL_DURATION` int(11) DEFAULT NULL,
  `ACTUAL_END` date DEFAULT NULL,
  `ACTUAL_PROGRESS` int(11) DEFAULT NULL,
  `STATUS` varchar(100) DEFAULT NULL,
  `COMPLEXITY` varchar(100) DEFAULT NULL,
  `PRIORITY` varchar(100) DEFAULT NULL,
  `FLAG` varchar(100) DEFAULT NULL,
  `PLAN_HOUR` int(11) DEFAULT NULL,
  `COLUMN1` varchar(100) DEFAULT NULL,
  `COLUMN2` varchar(100) DEFAULT NULL,
  `COLUMN3` varchar(100) DEFAULT NULL,
  `COLUMN4` varchar(100) DEFAULT NULL,
  `COLUMN5` varchar(100) DEFAULT NULL,
  `COLUMN6` varchar(100) DEFAULT NULL,
  `COLUMN7` varchar(100) DEFAULT NULL,
  `HEAT_TASK` varchar(100) DEFAULT NULL,
  `REMARK` varchar(100) DEFAULT NULL,
  `ERROR` varchar(100) DEFAULT NULL,
  `PROJECT2` varchar(100) DEFAULT NULL,
  `PLAN_DAY` int(11) DEFAULT NULL,
  `ACTUAL_DAY` varchar(100) DEFAULT NULL,
  `PROGRESS` int(11) DEFAULT NULL,
  `STATUS2` varchar(100) DEFAULT NULL,
  `COMPLEXITY2` varchar(100) DEFAULT NULL,
  `PRIORITY2` varchar(100) DEFAULT NULL,
  `VALID_TASK` varchar(100) DEFAULT NULL,
  `TASK_FLTB` varchar(100) DEFAULT NULL,
  `FLTPRO` varchar(100) DEFAULT NULL,
  `ACTPLAN_DAY` int(11) DEFAULT NULL,
  `ACTUAL_HOUR` int(11) DEFAULT NULL,
  `TASK_FLTC` varchar(100) DEFAULT NULL,
  `STATUS1` varchar(100) DEFAULT NULL,
  `ATT1` varchar(100) DEFAULT NULL,
  `ATT2` varchar(100) DEFAULT NULL,
  `ATT3` varchar(100) DEFAULT NULL,
  `ATT4` varchar(100) DEFAULT NULL,
  `ATT5` varchar(100) DEFAULT NULL,
  `UPDATETIME` date DEFAULT NULL,
  `ORDER` int(11) DEFAULT NULL,
  `SYSDATE1` date DEFAULT NULL,
  `ID` int(11) NOT NULL,
  `ORDER1` int(11) DEFAULT NULL,
  `PARENT_TASK` varchar(100) DEFAULT NULL
) ENGINE=InnoDB DEFAULT CHARSET=utf8mb4 COLLATE=utf8mb4_general_ci;

--
-- Dumping data for table `project_task`
--

INSERT INTO `project_task` (`TASK_ID`, `PROJECT_ID`, `MILESTONE_TASK`, `IS_MILESTONE`, `RESPONSIBLE`, `PLAN_START`, `PLAN_DURATION`, `PLAN_END`, `ACTUAL_START`, `ACTUAL_DURATION`, `ACTUAL_END`, `ACTUAL_PROGRESS`, `STATUS`, `COMPLEXITY`, `PRIORITY`, `FLAG`, `PLAN_HOUR`, `COLUMN1`, `COLUMN2`, `COLUMN3`, `COLUMN4`, `COLUMN5`, `COLUMN6`, `COLUMN7`, `HEAT_TASK`, `REMARK`, `ERROR`, `PROJECT2`, `PLAN_DAY`, `ACTUAL_DAY`, `PROGRESS`, `STATUS2`, `COMPLEXITY2`, `PRIORITY2`, `VALID_TASK`, `TASK_FLTB`, `FLTPRO`, `ACTPLAN_DAY`, `ACTUAL_HOUR`, `TASK_FLTC`, `STATUS1`, `ATT1`, `ATT2`, `ATT3`, `ATT4`, `ATT5`, `UPDATETIME`, `ORDER`, `SYSDATE1`, `ID`, `ORDER1`, `PARENT_TASK`) VALUES
('1', '5', 'STAGE 1. PLAN & DEFINE PROGRAM', '20', '123458', '2026-05-18', 10, '2026-05-29', '2026-05-18', 8, '2026-05-27', NULL, '3', '6', '19', NULL, 30, NULL, NULL, NULL, NULL, NULL, NULL, NULL, '3.8', NULL, NULL, NULL, NULL, NULL, NULL, NULL, NULL, NULL, NULL, NULL, NULL, NULL, 25, NULL, NULL, NULL, NULL, NULL, NULL, NULL, '2026-05-23', NULL, '2026-05-17', 45, 1, '0'),
('2', '5', 'Technical Spec, Kickoff, APQP Team Setup', '21', '123457', '2026-06-24', 20, '2026-07-21', '2026-05-27', NULL, NULL, NULL, '2', '8', '18', NULL, 160, NULL, NULL, NULL, NULL, NULL, NULL, NULL, NULL, NULL, NULL, NULL, NULL, NULL, NULL, NULL, NULL, NULL, NULL, NULL, NULL, NULL, NULL, NULL, NULL, NULL, NULL, NULL, NULL, NULL, '2026-05-23', NULL, '2026-05-17', 46, 2, '1'),
('3', '5', 'DVP/Test Plan', '70', '123459', '2026-07-13', 15, '2026-07-31', '2026-07-15', 30, '2026-08-25', NULL, '3', '15', '18', NULL, 120, NULL, NULL, NULL, NULL, NULL, NULL, NULL, '4', NULL, NULL, NULL, NULL, NULL, NULL, NULL, NULL, NULL, NULL, NULL, NULL, NULL, 240, NULL, NULL, NULL, NULL, NULL, NULL, NULL, '2026-05-23', NULL, '2026-05-17', 47, 3, '2'),
('4', '5', 'STAGE 2. PRODUCT DESIGN & DEVELOPMENT', '20', '123456', '2026-08-24', 10, '2026-09-04', '2026-08-25', NULL, NULL, NULL, '4', NULL, NULL, NULL, 5, NULL, NULL, NULL, NULL, NULL, NULL, NULL, NULL, NULL, NULL, NULL, NULL, NULL, NULL, NULL, NULL, NULL, NULL, NULL, NULL, NULL, 4, NULL, NULL, NULL, NULL, NULL, NULL, NULL, '2026-05-23', NULL, '2026-05-17', 48, 4, '0'),
('5', '5', 'Special Characteristic & DFMEA Review', '21', NULL, NULL, NULL, NULL, NULL, NULL, NULL, NULL, NULL, NULL, NULL, NULL, NULL, NULL, NULL, NULL, NULL, NULL, NULL, NULL, NULL, NULL, NULL, NULL, NULL, NULL, NULL, NULL, NULL, NULL, NULL, NULL, NULL, NULL, NULL, NULL, NULL, NULL, NULL, NULL, NULL, NULL, NULL, NULL, '2026-05-17', 49, 5, '4'),
('6', '5', '3D Drawing', '70', NULL, NULL, NULL, NULL, NULL, NULL, NULL, NULL, NULL, NULL, NULL, NULL, NULL, NULL, NULL, NULL, NULL, NULL, NULL, NULL, NULL, NULL, NULL, NULL, NULL, NULL, NULL, NULL, NULL, NULL, NULL, NULL, NULL, NULL, NULL, NULL, NULL, NULL, NULL, NULL, NULL, NULL, NULL, NULL, '2026-05-17', 50, 6, '5'),
('7', '5', 'STAGE 3. PROCESS DESIGN & DEVELOPMENT', '20', NULL, NULL, NULL, NULL, NULL, NULL, NULL, NULL, NULL, NULL, NULL, NULL, NULL, NULL, NULL, NULL, NULL, NULL, NULL, NULL, NULL, NULL, NULL, NULL, NULL, NULL, NULL, NULL, NULL, NULL, NULL, NULL, NULL, NULL, NULL, NULL, NULL, NULL, NULL, NULL, NULL, NULL, NULL, NULL, '2026-05-17', 51, 7, '0'),
('8', '5', 'Mold & Tooling Preparation', '21', NULL, NULL, NULL, NULL, NULL, NULL, NULL, NULL, NULL, NULL, NULL, NULL, NULL, NULL, NULL, NULL, NULL, NULL, NULL, NULL, NULL, NULL, NULL, NULL, NULL, NULL, NULL, NULL, NULL, NULL, NULL, NULL, NULL, NULL, NULL, NULL, NULL, NULL, NULL, NULL, NULL, NULL, NULL, NULL, '2026-05-17', 52, 8, '7'),
('9', '5', '3D mold design', '70', '123458', NULL, NULL, NULL, NULL, NULL, NULL, NULL, NULL, NULL, NULL, NULL, NULL, NULL, NULL, NULL, NULL, NULL, NULL, NULL, NULL, NULL, NULL, NULL, NULL, NULL, NULL, NULL, NULL, NULL, NULL, NULL, NULL, NULL, NULL, NULL, NULL, NULL, NULL, NULL, NULL, NULL, '2026-05-22', NULL, '2026-05-17', 53, 9, '8'),
('10', '5', 'STAGE 4. DESIGN & PROCESS VALIDATION', '20', NULL, NULL, NULL, NULL, NULL, NULL, NULL, NULL, NULL, NULL, NULL, NULL, NULL, NULL, NULL, NULL, NULL, NULL, NULL, NULL, NULL, NULL, NULL, NULL, NULL, NULL, NULL, NULL, NULL, NULL, NULL, NULL, NULL, NULL, NULL, NULL, NULL, NULL, NULL, NULL, NULL, NULL, NULL, NULL, '2026-05-17', 54, 10, '0'),
('11', '5', 'Trial', '21', NULL, NULL, NULL, NULL, NULL, NULL, NULL, NULL, NULL, NULL, NULL, NULL, NULL, NULL, NULL, NULL, NULL, NULL, NULL, NULL, NULL, NULL, NULL, NULL, NULL, NULL, NULL, NULL, NULL, NULL, NULL, NULL, NULL, NULL, NULL, NULL, NULL, NULL, NULL, NULL, NULL, NULL, NULL, NULL, '2026-05-17', 55, 11, '10'),
('12', '5', 'Engineering Trial Casting', '70', NULL, NULL, NULL, NULL, NULL, NULL, NULL, NULL, NULL, NULL, NULL, NULL, NULL, NULL, NULL, NULL, NULL, NULL, NULL, NULL, NULL, NULL, NULL, NULL, NULL, NULL, NULL, NULL, NULL, NULL, NULL, NULL, NULL, NULL, NULL, NULL, NULL, NULL, NULL, NULL, NULL, NULL, NULL, NULL, '2026-05-17', 56, 12, '11'),
('13', '5', 'STAGE 5. Feedback, Assessment & Corrective Action', '20', NULL, NULL, NULL, NULL, NULL, NULL, NULL, NULL, NULL, NULL, NULL, NULL, NULL, NULL, NULL, NULL, NULL, NULL, NULL, NULL, NULL, NULL, NULL, NULL, NULL, NULL, NULL, NULL, NULL, NULL, NULL, NULL, NULL, NULL, NULL, NULL, NULL, NULL, NULL, NULL, NULL, NULL, NULL, NULL, '2026-05-17', 57, 13, '0'),
('14', '5', 'Initial Production Control', '21', NULL, NULL, NULL, NULL, NULL, NULL, NULL, NULL, NULL, NULL, NULL, NULL, NULL, NULL, NULL, NULL, NULL, NULL, NULL, NULL, NULL, NULL, NULL, NULL, NULL, NULL, NULL, NULL, NULL, NULL, NULL, NULL, NULL, NULL, NULL, NULL, NULL, NULL, NULL, NULL, NULL, NULL, NULL, NULL, '2026-05-17', 58, 14, '13'),
('1', '7', 'STAGE 1. PLAN & DEFINE PROGRAM', '20', NULL, '2026-05-23', 10, '2026-06-05', NULL, NULL, NULL, NULL, NULL, NULL, NULL, NULL, NULL, NULL, NULL, NULL, NULL, NULL, NULL, NULL, NULL, NULL, NULL, NULL, NULL, NULL, NULL, NULL, NULL, NULL, NULL, NULL, NULL, NULL, NULL, NULL, NULL, NULL, NULL, NULL, NULL, NULL, '2026-05-23', NULL, '2026-05-22', 75, 1, '0'),
('2', '7', 'Technical Spec, Kickoff, APQP Team Setup', '21', NULL, NULL, NULL, NULL, NULL, NULL, NULL, NULL, NULL, NULL, NULL, NULL, NULL, NULL, NULL, NULL, NULL, NULL, NULL, NULL, NULL, NULL, NULL, NULL, NULL, NULL, NULL, NULL, NULL, NULL, NULL, NULL, NULL, NULL, NULL, NULL, NULL, NULL, NULL, NULL, NULL, NULL, NULL, NULL, '2026-05-22', 76, 2, '1'),
('3', '7', 'DVP/Test Plan', '70', NULL, NULL, NULL, NULL, NULL, NULL, NULL, NULL, NULL, NULL, NULL, NULL, NULL, NULL, NULL, NULL, NULL, NULL, NULL, NULL, NULL, NULL, NULL, NULL, NULL, NULL, NULL, NULL, NULL, NULL, NULL, NULL, NULL, NULL, NULL, NULL, NULL, NULL, NULL, NULL, NULL, NULL, NULL, NULL, '2026-05-22', 77, 3, '2'),
('4', '7', 'STAGE 2. PRODUCT DESIGN & DEVELOPMENT', '20', NULL, NULL, NULL, NULL, NULL, NULL, NULL, NULL, NULL, NULL, NULL, NULL, NULL, NULL, NULL, NULL, NULL, NULL, NULL, NULL, NULL, NULL, NULL, NULL, NULL, NULL, NULL, NULL, NULL, NULL, NULL, NULL, NULL, NULL, NULL, NULL, NULL, NULL, NULL, NULL, NULL, NULL, NULL, NULL, '2026-05-22', 78, 4, '0'),
('5', '7', 'Special Characteristic & DFMEA Review', '21', NULL, NULL, NULL, NULL, NULL, NULL, NULL, NULL, NULL, NULL, NULL, NULL, NULL, NULL, NULL, NULL, NULL, NULL, NULL, NULL, NULL, NULL, NULL, NULL, NULL, NULL, NULL, NULL, NULL, NULL, NULL, NULL, NULL, NULL, NULL, NULL, NULL, NULL, NULL, NULL, NULL, NULL, NULL, NULL, '2026-05-22', 79, 5, '4'),
('6', '7', '3D Drawing', '70', NULL, NULL, NULL, NULL, NULL, NULL, NULL, NULL, NULL, NULL, NULL, NULL, NULL, NULL, NULL, NULL, NULL, NULL, NULL, NULL, NULL, NULL, NULL, NULL, NULL, NULL, NULL, NULL, NULL, NULL, NULL, NULL, NULL, NULL, NULL, NULL, NULL, NULL, NULL, NULL, NULL, NULL, NULL, NULL, '2026-05-22', 80, 6, '5'),
('7', '7', 'STAGE 3. PROCESS DESIGN & DEVELOPMENT', '20', NULL, NULL, NULL, NULL, NULL, NULL, NULL, NULL, NULL, NULL, NULL, NULL, NULL, NULL, NULL, NULL, NULL, NULL, NULL, NULL, NULL, NULL, NULL, NULL, NULL, NULL, NULL, NULL, NULL, NULL, NULL, NULL, NULL, NULL, NULL, NULL, NULL, NULL, NULL, NULL, NULL, NULL, NULL, NULL, '2026-05-22', 81, 7, '0'),
('8', '7', 'Mold & Tooling Preparation', '21', NULL, NULL, NULL, NULL, NULL, NULL, NULL, NULL, NULL, NULL, NULL, NULL, NULL, NULL, NULL, NULL, NULL, NULL, NULL, NULL, NULL, NULL, NULL, NULL, NULL, NULL, NULL, NULL, NULL, NULL, NULL, NULL, NULL, NULL, NULL, NULL, NULL, NULL, NULL, NULL, NULL, NULL, NULL, NULL, '2026-05-22', 82, 8, '7'),
('9', '7', '3D mold design', '70', NULL, NULL, NULL, NULL, NULL, NULL, NULL, NULL, NULL, NULL, NULL, NULL, NULL, NULL, NULL, NULL, NULL, NULL, NULL, NULL, NULL, NULL, NULL, NULL, NULL, NULL, NULL, NULL, NULL, NULL, NULL, NULL, NULL, NULL, NULL, NULL, NULL, NULL, NULL, NULL, NULL, NULL, NULL, NULL, '2026-05-22', 83, 9, '8'),
('10', '7', 'STAGE 4. DESIGN & PROCESS VALIDATION', '20', NULL, NULL, NULL, NULL, NULL, NULL, NULL, NULL, NULL, NULL, NULL, NULL, NULL, NULL, NULL, NULL, NULL, NULL, NULL, NULL, NULL, NULL, NULL, NULL, NULL, NULL, NULL, NULL, NULL, NULL, NULL, NULL, NULL, NULL, NULL, NULL, NULL, NULL, NULL, NULL, NULL, NULL, NULL, NULL, '2026-05-22', 84, 10, '0'),
('11', '7', 'Trial', '21', NULL, NULL, NULL, NULL, NULL, NULL, NULL, NULL, NULL, NULL, NULL, NULL, NULL, NULL, NULL, NULL, NULL, NULL, NULL, NULL, NULL, NULL, NULL, NULL, NULL, NULL, NULL, NULL, NULL, NULL, NULL, NULL, NULL, NULL, NULL, NULL, NULL, NULL, NULL, NULL, NULL, NULL, NULL, NULL, '2026-05-22', 85, 11, '10'),
('12', '7', 'Engineering Trial Casting', '70', NULL, NULL, NULL, NULL, NULL, NULL, NULL, NULL, NULL, NULL, NULL, NULL, NULL, NULL, NULL, NULL, NULL, NULL, NULL, NULL, NULL, NULL, NULL, NULL, NULL, NULL, NULL, NULL, NULL, NULL, NULL, NULL, NULL, NULL, NULL, NULL, NULL, NULL, NULL, NULL, NULL, NULL, NULL, NULL, '2026-05-22', 86, 12, '11'),
('13', '7', 'STAGE 5. Feedback, Assessment & Corrective Action', '20', NULL, NULL, NULL, NULL, NULL, NULL, NULL, NULL, NULL, NULL, NULL, NULL, NULL, NULL, NULL, NULL, NULL, NULL, NULL, NULL, NULL, NULL, NULL, NULL, NULL, NULL, NULL, NULL, NULL, NULL, NULL, NULL, NULL, NULL, NULL, NULL, NULL, NULL, NULL, NULL, NULL, NULL, NULL, NULL, '2026-05-22', 87, 14, '0'),
('14', '7', 'Initial Production Control', '21', NULL, NULL, NULL, NULL, NULL, NULL, NULL, NULL, NULL, NULL, NULL, NULL, NULL, NULL, NULL, NULL, NULL, NULL, NULL, NULL, NULL, NULL, NULL, NULL, NULL, NULL, NULL, NULL, NULL, NULL, NULL, NULL, NULL, NULL, NULL, NULL, NULL, NULL, NULL, NULL, NULL, NULL, NULL, NULL, '2026-05-22', 88, 15, '13'),
('PT2', '7', 'test', '21', NULL, NULL, NULL, NULL, NULL, NULL, NULL, NULL, NULL, NULL, NULL, NULL, NULL, NULL, NULL, NULL, NULL, NULL, NULL, NULL, NULL, NULL, NULL, NULL, NULL, NULL, NULL, NULL, NULL, NULL, NULL, NULL, NULL, NULL, NULL, NULL, NULL, NULL, NULL, NULL, NULL, NULL, NULL, NULL, '2026-05-22', 89, 13, '10');

-- --------------------------------------------------------

--
-- Table structure for table `resource_mgmt`
--

CREATE TABLE `resource_mgmt` (
  `NPK` varchar(100) DEFAULT NULL,
  `EMP_NAME` varchar(100) DEFAULT NULL,
  `EMP_TYPE` varchar(100) DEFAULT NULL,
  `DEPARTMENT` varchar(100) DEFAULT NULL,
  `RATE_PER_HOUR` decimal(38,0) DEFAULT NULL,
  `MAX_HOUR` decimal(38,0) DEFAULT NULL,
  `WORK_LOAD` decimal(38,0) DEFAULT NULL,
  `PROJECT_TASK` decimal(38,0) DEFAULT NULL,
  `PROJECT_RISK` decimal(38,0) DEFAULT NULL,
  `ALL_TASK` decimal(38,0) DEFAULT NULL,
  `ATT1` varchar(100) DEFAULT NULL,
  `ATT2` varchar(100) DEFAULT NULL,
  `ATT3` varchar(100) DEFAULT NULL,
  `ATT4` varchar(100) DEFAULT NULL,
  `ATT5` varchar(100) DEFAULT NULL,
  `UPDATETIME` date DEFAULT NULL,
  `STATUS1` varchar(100) DEFAULT NULL,
  `SYSDATE1` date DEFAULT NULL,
  `ID` int(11) NOT NULL
) ENGINE=InnoDB DEFAULT CHARSET=utf8mb4 COLLATE=utf8mb4_general_ci;

--
-- Dumping data for table `resource_mgmt`
--

INSERT INTO `resource_mgmt` (`NPK`, `EMP_NAME`, `EMP_TYPE`, `DEPARTMENT`, `RATE_PER_HOUR`, `MAX_HOUR`, `WORK_LOAD`, `PROJECT_TASK`, `PROJECT_RISK`, `ALL_TASK`, `ATT1`, `ATT2`, `ATT3`, `ATT4`, `ATT5`, `UPDATETIME`, `STATUS1`, `SYSDATE1`, `ID`) VALUES
('123456', 'Andareta', '22', '24', NULL, 8, NULL, NULL, NULL, NULL, NULL, NULL, NULL, NULL, NULL, NULL, NULL, '2026-04-25', 1),
('123457', 'Liza', '22', '25', NULL, 8, NULL, NULL, NULL, NULL, NULL, NULL, NULL, NULL, NULL, NULL, NULL, '2026-05-17', 3),
('123458', 'Dea', '22', '32', NULL, 8, NULL, NULL, NULL, NULL, NULL, NULL, NULL, NULL, NULL, NULL, NULL, '2026-05-17', 4),
('123459', 'Vajrin', '22', '33', NULL, 8, NULL, NULL, NULL, NULL, NULL, NULL, NULL, NULL, NULL, NULL, NULL, '2026-05-17', 5);

-- --------------------------------------------------------

--
-- Table structure for table `softcopy`
--

CREATE TABLE `softcopy` (
  `NUM1` decimal(38,0) DEFAULT NULL,
  `NUM2` decimal(38,0) DEFAULT NULL,
  `NUM3` decimal(38,0) DEFAULT NULL,
  `ATT1` varchar(100) DEFAULT NULL,
  `ATT2` varchar(255) DEFAULT NULL,
  `ATT3` varchar(255) DEFAULT NULL,
  `ATT4` varchar(255) DEFAULT NULL,
  `ATT5` varchar(255) DEFAULT NULL,
  `BASE64` varchar(255) DEFAULT NULL,
  `FILE_NAME` varchar(255) DEFAULT NULL,
  `FILE_TYPE` varchar(255) DEFAULT NULL,
  `FILE_PATH` varchar(255) DEFAULT NULL,
  `FULL_PATH` varchar(255) DEFAULT NULL,
  `CLIENT_NAME` varchar(255) DEFAULT NULL,
  `FILE_EXT` varchar(100) DEFAULT NULL,
  `FILE_SIZE` float DEFAULT NULL,
  `NOTES` varchar(255) DEFAULT NULL,
  `STATUS1` varchar(100) DEFAULT NULL,
  `SYSDATE1` date DEFAULT NULL,
  `ID` int(11) NOT NULL
) ENGINE=InnoDB DEFAULT CHARSET=utf8mb4 COLLATE=utf8mb4_general_ci;

--
-- Dumping data for table `softcopy`
--

INSERT INTO `softcopy` (`NUM1`, `NUM2`, `NUM3`, `ATT1`, `ATT2`, `ATT3`, `ATT4`, `ATT5`, `BASE64`, `FILE_NAME`, `FILE_TYPE`, `FILE_PATH`, `FULL_PATH`, `CLIENT_NAME`, `FILE_EXT`, `FILE_SIZE`, `NOTES`, `STATUS1`, `SYSDATE1`, `ID`) VALUES
(NULL, NULL, NULL, NULL, NULL, NULL, NULL, NULL, NULL, '8099b3ea66image_(3).png', 'image', 'activity', 'activity/8099b3ea66image_(3).png', 'image_(3).png', 'png', 11161, NULL, '1', '2026-05-17', 11),
(NULL, NULL, NULL, NULL, NULL, NULL, NULL, NULL, NULL, '09038849acWhatsApp_Image_2026-05-14_at_15.57.18.jpeg', 'image', 'activity', 'activity/09038849acWhatsApp_Image_2026-05-14_at_15.57.18.jpeg', 'WhatsApp_Image_2026-05-14_at_15.57.18.jpeg', 'jpeg', 48224, NULL, '1', '2026-05-17', 12),
(NULL, NULL, NULL, NULL, NULL, NULL, NULL, NULL, NULL, 'c2cfeb919e_diagram_pm-Page-11.drawio.png', 'image', 'activity', 'activity/c2cfeb919e_diagram_pm-Page-11.drawio.png', 'diagram_pm-Page-11.drawio.png', 'png', 617436, NULL, '1', '2026-05-17', 13),
(NULL, NULL, NULL, NULL, NULL, NULL, NULL, NULL, NULL, '44780e9269_diagram_pm-Flow_Graph.drawio.png', 'image', 'activity', 'activity/44780e9269_diagram_pm-Flow_Graph.drawio.png', 'diagram_pm-Flow_Graph.drawio.png', 'png', 607076, NULL, '1', '2026-05-17', 15);

-- --------------------------------------------------------

--
-- Table structure for table `standard`
--

CREATE TABLE `standard` (
  `PROCESS_ID` varchar(100) DEFAULT NULL,
  `DESCRIPTION` varchar(255) DEFAULT NULL,
  `VALUE` float DEFAULT NULL,
  `INIT` varchar(100) DEFAULT NULL,
  `STATUS1` varchar(100) DEFAULT NULL,
  `SYSDATE1` date DEFAULT NULL,
  `ATT1` varchar(100) DEFAULT NULL,
  `ATT2` varchar(100) DEFAULT NULL,
  `ATT3` varchar(100) DEFAULT NULL,
  `ATT4` varchar(100) DEFAULT NULL,
  `ATT5` varchar(100) DEFAULT NULL,
  `ISACTIVE` varchar(100) DEFAULT NULL,
  `UPDATETIME` varchar(100) DEFAULT NULL,
  `ORDER` int(11) DEFAULT NULL,
  `ID` int(11) NOT NULL,
  `PROJECT_ID` varchar(100) DEFAULT NULL,
  `STDPROC_ID` varchar(100) DEFAULT NULL,
  `TOLERANCE` float DEFAULT NULL,
  `INTYPE` varchar(100) DEFAULT NULL,
  `SUBINTYPE` varchar(100) DEFAULT NULL
) ENGINE=InnoDB DEFAULT CHARSET=utf8mb4 COLLATE=utf8mb4_general_ci;

--
-- Dumping data for table `standard`
--

INSERT INTO `standard` (`PROCESS_ID`, `DESCRIPTION`, `VALUE`, `INIT`, `STATUS1`, `SYSDATE1`, `ATT1`, `ATT2`, `ATT3`, `ATT4`, `ATT5`, `ISACTIVE`, `UPDATETIME`, `ORDER`, `ID`, `PROJECT_ID`, `STDPROC_ID`, `TOLERANCE`, `INTYPE`, `SUBINTYPE`) VALUES
('71', NULL, NULL, 'process', NULL, '2026-05-17', NULL, NULL, NULL, NULL, NULL, NULL, NULL, NULL, 22, '5', NULL, NULL, NULL, NULL),
('71', NULL, 100, 'stdproc', NULL, '2026-05-17', NULL, NULL, NULL, NULL, NULL, NULL, NULL, NULL, 23, '5', '77', NULL, NULL, NULL),
('71', NULL, 15, 'stdproc', NULL, '2026-05-17', NULL, NULL, NULL, NULL, NULL, NULL, NULL, NULL, 24, '5', '78', NULL, NULL, NULL),
('71', NULL, 15, 'stdproc', NULL, '2026-05-17', NULL, NULL, NULL, NULL, NULL, NULL, NULL, NULL, 25, '5', '79', NULL, NULL, NULL),
('74', NULL, NULL, 'process', NULL, '2026-05-17', NULL, NULL, NULL, NULL, NULL, NULL, NULL, NULL, 26, '5', NULL, NULL, NULL, NULL),
('74', NULL, 100, 'stdproc', NULL, '2026-05-17', NULL, NULL, NULL, NULL, NULL, NULL, NULL, NULL, 27, '5', '77', NULL, NULL, NULL),
('74', NULL, 15, 'stdproc', NULL, '2026-05-17', NULL, NULL, NULL, NULL, NULL, NULL, NULL, NULL, 28, '5', '78', NULL, NULL, NULL),
('74', NULL, 15, 'stdproc', NULL, '2026-05-17', NULL, NULL, NULL, NULL, NULL, NULL, NULL, NULL, 29, '5', '79', NULL, NULL, NULL),
('72', NULL, NULL, 'process', NULL, '2026-05-17', NULL, NULL, NULL, NULL, NULL, NULL, NULL, NULL, 30, '5', NULL, NULL, NULL, NULL),
('72', NULL, 100, 'stdproc', NULL, '2026-05-17', NULL, NULL, NULL, NULL, NULL, NULL, NULL, NULL, 31, '5', '77', NULL, NULL, NULL),
('72', NULL, 15, 'stdproc', NULL, '2026-05-17', NULL, NULL, NULL, NULL, NULL, NULL, NULL, NULL, 32, '5', '79', NULL, NULL, NULL),
('72', NULL, 15, 'stdproc', NULL, '2026-05-17', NULL, NULL, NULL, NULL, NULL, NULL, NULL, NULL, 33, '5', '78', NULL, NULL, NULL),
('75', NULL, NULL, 'process', NULL, '2026-05-17', NULL, NULL, NULL, NULL, NULL, NULL, NULL, NULL, 34, '5', NULL, NULL, NULL, NULL),
('75', NULL, 100, 'stdproc', NULL, '2026-05-17', NULL, NULL, NULL, NULL, NULL, NULL, NULL, NULL, 35, '5', '77', NULL, NULL, NULL),
('75', NULL, 15, 'stdproc', NULL, '2026-05-17', NULL, NULL, NULL, NULL, NULL, NULL, NULL, NULL, 36, '5', '79', NULL, NULL, NULL),
('75', NULL, 15, 'stdproc', NULL, '2026-05-17', NULL, NULL, NULL, NULL, NULL, NULL, NULL, NULL, 37, '5', '78', NULL, NULL, NULL),
('73', NULL, NULL, 'process', NULL, '2026-05-17', NULL, NULL, NULL, NULL, NULL, NULL, NULL, NULL, 38, '5', NULL, NULL, NULL, NULL),
('73', NULL, 100, 'stdproc', NULL, '2026-05-17', NULL, NULL, NULL, NULL, NULL, NULL, NULL, NULL, 39, '5', '77', NULL, NULL, NULL),
('73', NULL, 15, 'stdproc', NULL, '2026-05-17', NULL, NULL, NULL, NULL, NULL, NULL, NULL, NULL, 40, '5', '79', NULL, NULL, NULL),
('73', NULL, 15, 'stdproc', NULL, '2026-05-17', NULL, NULL, NULL, NULL, NULL, NULL, NULL, NULL, 41, '5', '78', NULL, NULL, NULL),
('76', NULL, NULL, 'process', NULL, '2026-05-17', NULL, NULL, NULL, NULL, NULL, NULL, NULL, NULL, 42, '5', NULL, NULL, NULL, NULL),
('76', NULL, 100, 'stdproc', NULL, '2026-05-17', NULL, NULL, NULL, NULL, NULL, NULL, NULL, NULL, 43, '5', '77', NULL, NULL, NULL),
('76', NULL, 15, 'stdproc', NULL, '2026-05-17', NULL, NULL, NULL, NULL, NULL, NULL, NULL, NULL, 44, '5', '79', NULL, NULL, NULL),
('76', NULL, 15, 'stdproc', NULL, '2026-05-17', NULL, NULL, NULL, NULL, NULL, NULL, NULL, NULL, 45, '5', '78', NULL, NULL, NULL);

-- --------------------------------------------------------

--
-- Table structure for table `task_setup`
--

CREATE TABLE `task_setup` (
  `TASK_ID` varchar(100) DEFAULT NULL,
  `PROJECT` varchar(100) DEFAULT NULL,
  `MILESTONE_TASK` varchar(100) DEFAULT NULL,
  `IS_MILESTONE` varchar(100) DEFAULT NULL,
  `RESPONSIBLE` varchar(100) DEFAULT NULL,
  `PLAN_START` date DEFAULT NULL,
  `PLAN_DURATION` decimal(38,0) DEFAULT NULL,
  `PLAN_END` date DEFAULT NULL,
  `ACTUAL_START` date DEFAULT NULL,
  `ACTUAL_DURATION` decimal(38,0) DEFAULT NULL,
  `ACTUAL_END` date DEFAULT NULL,
  `ACTUAL_PROGRESS` decimal(38,0) DEFAULT NULL,
  `STATUS` varchar(100) DEFAULT NULL,
  `COMPLEXITY` varchar(100) DEFAULT NULL,
  `PRIORITY` varchar(100) DEFAULT NULL,
  `FLAG` varchar(100) DEFAULT NULL,
  `PLAN_HOUR` decimal(38,0) DEFAULT NULL,
  `COLUMN1` varchar(100) DEFAULT NULL,
  `COLUMN2` varchar(100) DEFAULT NULL,
  `COLUMN3` varchar(100) DEFAULT NULL,
  `COLUMN4` varchar(100) DEFAULT NULL,
  `COLUMN5` varchar(100) DEFAULT NULL,
  `COLUMN6` varchar(100) DEFAULT NULL,
  `COLUMN7` varchar(100) DEFAULT NULL,
  `HEAT_TASK` varchar(100) DEFAULT NULL,
  `REMARK` varchar(100) DEFAULT NULL,
  `ERROR` varchar(100) DEFAULT NULL,
  `PROJECT2` varchar(100) DEFAULT NULL,
  `PLAN_DAY` decimal(38,0) DEFAULT NULL,
  `ACTUAL_DAY` varchar(100) DEFAULT NULL,
  `PROGRESS` decimal(38,0) DEFAULT NULL,
  `STATUS2` varchar(100) DEFAULT NULL,
  `COMPLEXITY2` varchar(100) DEFAULT NULL,
  `PRIORITY2` varchar(100) DEFAULT NULL,
  `VALID_TASK` varchar(100) DEFAULT NULL,
  `TASK_FLTB` varchar(100) DEFAULT NULL,
  `FLTPRO` varchar(100) DEFAULT NULL,
  `ACTPLAN_DAY` decimal(38,0) DEFAULT NULL,
  `ACTUAL_HOUR` decimal(38,0) DEFAULT NULL,
  `TASK_FLTC` varchar(100) DEFAULT NULL,
  `STATUS1` varchar(100) DEFAULT NULL,
  `ATT1` varchar(100) DEFAULT NULL,
  `ATT2` varchar(100) DEFAULT NULL,
  `ATT3` varchar(100) DEFAULT NULL,
  `ATT4` varchar(100) DEFAULT NULL,
  `ATT5` varchar(100) DEFAULT NULL,
  `UPDATETIME` date DEFAULT NULL,
  `ORDER` decimal(38,0) DEFAULT NULL,
  `SYSDATE1` date DEFAULT NULL,
  `ID` int(11) NOT NULL,
  `ORDER1` decimal(38,0) DEFAULT NULL,
  `PARENT_TASK` varchar(100) DEFAULT NULL
) ENGINE=InnoDB DEFAULT CHARSET=utf8mb4 COLLATE=utf8mb4_general_ci;

--
-- Dumping data for table `task_setup`
--

INSERT INTO `task_setup` (`TASK_ID`, `PROJECT`, `MILESTONE_TASK`, `IS_MILESTONE`, `RESPONSIBLE`, `PLAN_START`, `PLAN_DURATION`, `PLAN_END`, `ACTUAL_START`, `ACTUAL_DURATION`, `ACTUAL_END`, `ACTUAL_PROGRESS`, `STATUS`, `COMPLEXITY`, `PRIORITY`, `FLAG`, `PLAN_HOUR`, `COLUMN1`, `COLUMN2`, `COLUMN3`, `COLUMN4`, `COLUMN5`, `COLUMN6`, `COLUMN7`, `HEAT_TASK`, `REMARK`, `ERROR`, `PROJECT2`, `PLAN_DAY`, `ACTUAL_DAY`, `PROGRESS`, `STATUS2`, `COMPLEXITY2`, `PRIORITY2`, `VALID_TASK`, `TASK_FLTB`, `FLTPRO`, `ACTPLAN_DAY`, `ACTUAL_HOUR`, `TASK_FLTC`, `STATUS1`, `ATT1`, `ATT2`, `ATT3`, `ATT4`, `ATT5`, `UPDATETIME`, `ORDER`, `SYSDATE1`, `ID`, `ORDER1`, `PARENT_TASK`) VALUES
('1', NULL, 'STAGE 1. PLAN & DEFINE PROGRAM', '20', NULL, NULL, NULL, NULL, NULL, NULL, NULL, NULL, NULL, NULL, NULL, NULL, NULL, NULL, NULL, NULL, NULL, NULL, NULL, NULL, NULL, NULL, NULL, NULL, NULL, NULL, NULL, NULL, NULL, NULL, NULL, NULL, NULL, NULL, NULL, NULL, NULL, NULL, NULL, NULL, NULL, NULL, NULL, NULL, NULL, 1, 1, '0'),
('2', NULL, 'Technical Spec, Kickoff, APQP Team Setup', '21', NULL, NULL, NULL, NULL, NULL, NULL, NULL, NULL, NULL, NULL, NULL, NULL, NULL, NULL, NULL, NULL, NULL, NULL, NULL, NULL, NULL, NULL, NULL, NULL, NULL, NULL, NULL, NULL, NULL, NULL, NULL, NULL, NULL, NULL, NULL, NULL, NULL, NULL, NULL, NULL, NULL, NULL, NULL, NULL, NULL, 2, 2, '1'),
('3', NULL, 'DVP/Test Plan', '70', NULL, NULL, NULL, NULL, NULL, NULL, NULL, NULL, NULL, NULL, NULL, NULL, NULL, NULL, NULL, NULL, NULL, NULL, NULL, NULL, NULL, NULL, NULL, NULL, NULL, NULL, NULL, NULL, NULL, NULL, NULL, NULL, NULL, NULL, NULL, NULL, NULL, NULL, NULL, NULL, NULL, NULL, NULL, NULL, NULL, 3, 3, '2'),
('4', NULL, 'STAGE 2. PRODUCT DESIGN & DEVELOPMENT', '20', NULL, NULL, NULL, NULL, NULL, NULL, NULL, NULL, NULL, NULL, NULL, NULL, NULL, NULL, NULL, NULL, NULL, NULL, NULL, NULL, NULL, NULL, NULL, NULL, NULL, NULL, NULL, NULL, NULL, NULL, NULL, NULL, NULL, NULL, NULL, NULL, NULL, NULL, NULL, NULL, NULL, NULL, NULL, NULL, NULL, 4, 4, '0'),
('5', NULL, 'Special Characteristic & DFMEA Review', '21', NULL, NULL, NULL, NULL, NULL, NULL, NULL, NULL, NULL, NULL, NULL, NULL, NULL, NULL, NULL, NULL, NULL, NULL, NULL, NULL, NULL, NULL, NULL, NULL, NULL, NULL, NULL, NULL, NULL, NULL, NULL, NULL, NULL, NULL, NULL, NULL, NULL, NULL, NULL, NULL, NULL, NULL, NULL, NULL, NULL, 5, 5, '4'),
('6', NULL, '3D Drawing', '70', NULL, NULL, NULL, NULL, NULL, NULL, NULL, NULL, NULL, NULL, NULL, NULL, NULL, NULL, NULL, NULL, NULL, NULL, NULL, NULL, NULL, NULL, NULL, NULL, NULL, NULL, NULL, NULL, NULL, NULL, NULL, NULL, NULL, NULL, NULL, NULL, NULL, NULL, NULL, NULL, NULL, NULL, NULL, NULL, NULL, 6, 6, '5'),
('7', NULL, 'STAGE 3. PROCESS DESIGN & DEVELOPMENT', '20', NULL, NULL, NULL, NULL, NULL, NULL, NULL, NULL, NULL, NULL, NULL, NULL, NULL, NULL, NULL, NULL, NULL, NULL, NULL, NULL, NULL, NULL, NULL, NULL, NULL, NULL, NULL, NULL, NULL, NULL, NULL, NULL, NULL, NULL, NULL, NULL, NULL, NULL, NULL, NULL, NULL, NULL, NULL, NULL, NULL, 7, 7, '0'),
('8', NULL, 'Mold & Tooling Preparation', '21', NULL, NULL, NULL, NULL, NULL, NULL, NULL, NULL, NULL, NULL, NULL, NULL, NULL, NULL, NULL, NULL, NULL, NULL, NULL, NULL, NULL, NULL, NULL, NULL, NULL, NULL, NULL, NULL, NULL, NULL, NULL, NULL, NULL, NULL, NULL, NULL, NULL, NULL, NULL, NULL, NULL, NULL, NULL, NULL, NULL, 8, 8, '7'),
('9', NULL, '3D mold design', '70', NULL, NULL, NULL, NULL, NULL, NULL, NULL, NULL, NULL, NULL, NULL, NULL, NULL, NULL, NULL, NULL, NULL, NULL, NULL, NULL, NULL, NULL, NULL, NULL, NULL, NULL, NULL, NULL, NULL, NULL, NULL, NULL, NULL, NULL, NULL, NULL, NULL, NULL, NULL, NULL, NULL, NULL, NULL, NULL, NULL, 9, 9, '8'),
('10', NULL, 'STAGE 4. DESIGN & PROCESS VALIDATION', '20', NULL, NULL, NULL, NULL, NULL, NULL, NULL, NULL, NULL, NULL, NULL, NULL, NULL, NULL, NULL, NULL, NULL, NULL, NULL, NULL, NULL, NULL, NULL, NULL, NULL, NULL, NULL, NULL, NULL, NULL, NULL, NULL, NULL, NULL, NULL, NULL, NULL, NULL, NULL, NULL, NULL, NULL, NULL, NULL, NULL, 10, 10, '0'),
('11', NULL, 'Trial', '21', NULL, NULL, NULL, NULL, NULL, NULL, NULL, NULL, NULL, NULL, NULL, NULL, NULL, NULL, NULL, NULL, NULL, NULL, NULL, NULL, NULL, NULL, NULL, NULL, NULL, NULL, NULL, NULL, NULL, NULL, NULL, NULL, NULL, NULL, NULL, NULL, NULL, NULL, NULL, NULL, NULL, NULL, NULL, NULL, NULL, 11, 11, '10'),
('12', NULL, 'Engineering Trial Casting', '70', NULL, NULL, NULL, NULL, NULL, NULL, NULL, NULL, NULL, NULL, NULL, NULL, NULL, NULL, NULL, NULL, NULL, NULL, NULL, NULL, NULL, NULL, NULL, NULL, NULL, NULL, NULL, NULL, NULL, NULL, NULL, NULL, NULL, NULL, NULL, NULL, NULL, NULL, NULL, NULL, NULL, NULL, NULL, NULL, NULL, 12, 12, '11'),
('13', NULL, 'STAGE 5. Feedback, Assessment & Corrective Action', '20', NULL, NULL, NULL, NULL, NULL, NULL, NULL, NULL, NULL, NULL, NULL, NULL, NULL, NULL, NULL, NULL, NULL, NULL, NULL, NULL, NULL, NULL, NULL, NULL, NULL, NULL, NULL, NULL, NULL, NULL, NULL, NULL, NULL, NULL, NULL, NULL, NULL, NULL, NULL, NULL, NULL, NULL, NULL, NULL, NULL, 13, 13, '0'),
('14', NULL, 'Initial Production Control', '21', NULL, NULL, NULL, NULL, NULL, NULL, NULL, NULL, NULL, NULL, NULL, NULL, NULL, NULL, NULL, NULL, NULL, NULL, NULL, NULL, NULL, NULL, NULL, NULL, NULL, NULL, NULL, NULL, NULL, NULL, NULL, NULL, NULL, NULL, NULL, NULL, NULL, NULL, NULL, NULL, NULL, NULL, NULL, NULL, NULL, 14, 14, '13');

-- --------------------------------------------------------

--
-- Table structure for table `task_setup_add`
--

CREATE TABLE `task_setup_add` (
  `TASK_ID` varchar(100) DEFAULT NULL,
  `PROJECT` varchar(100) DEFAULT NULL,
  `MILESTONE_TASK` varchar(100) DEFAULT NULL,
  `IS_MILESTONE` varchar(100) DEFAULT NULL,
  `RESPONSIBLE` varchar(100) DEFAULT NULL,
  `PLAN_START` date DEFAULT NULL,
  `PLAN_DURATION` int(11) DEFAULT NULL,
  `PLAN_END` date DEFAULT NULL,
  `ACTUAL_START` date DEFAULT NULL,
  `ACTUAL_DURATION` int(11) DEFAULT NULL,
  `ACTUAL_END` date DEFAULT NULL,
  `ACTUAL_PROGRESS` int(11) DEFAULT NULL,
  `STATUS` varchar(100) DEFAULT NULL,
  `COMPLEXITY` varchar(100) DEFAULT NULL,
  `PRIORITY` varchar(100) DEFAULT NULL,
  `FLAG` varchar(100) DEFAULT NULL,
  `PLAN_HOUR` int(11) DEFAULT NULL,
  `COLUMN1` varchar(100) DEFAULT NULL,
  `COLUMN2` varchar(100) DEFAULT NULL,
  `COLUMN3` varchar(100) DEFAULT NULL,
  `COLUMN4` varchar(100) DEFAULT NULL,
  `COLUMN5` varchar(100) DEFAULT NULL,
  `COLUMN6` varchar(100) DEFAULT NULL,
  `COLUMN7` varchar(100) DEFAULT NULL,
  `HEAT_TASK` varchar(100) DEFAULT NULL,
  `REMARK` varchar(100) DEFAULT NULL,
  `ERROR` varchar(100) DEFAULT NULL,
  `PROJECT2` varchar(100) DEFAULT NULL,
  `PLAN_DAY` int(11) DEFAULT NULL,
  `ACTUAL_DAY` varchar(100) DEFAULT NULL,
  `PROGRESS` int(11) DEFAULT NULL,
  `STATUS2` varchar(100) DEFAULT NULL,
  `COMPLEXITY2` varchar(100) DEFAULT NULL,
  `PRIORITY2` varchar(100) DEFAULT NULL,
  `VALID_TASK` varchar(100) DEFAULT NULL,
  `TASK_FLTB` varchar(100) DEFAULT NULL,
  `FLTPRO` varchar(100) DEFAULT NULL,
  `ACTPLAN_DAY` int(11) DEFAULT NULL,
  `ACTUAL_HOUR` int(11) DEFAULT NULL,
  `TASK_FLTC` varchar(100) DEFAULT NULL,
  `STATUS1` varchar(100) DEFAULT NULL,
  `ATT1` varchar(100) DEFAULT NULL,
  `ATT2` varchar(100) DEFAULT NULL,
  `ATT3` varchar(100) DEFAULT NULL,
  `ATT4` varchar(100) DEFAULT NULL,
  `ATT5` varchar(100) DEFAULT NULL,
  `UPDATETIME` date DEFAULT NULL,
  `ORDER` int(11) DEFAULT NULL,
  `SYSDATE1` date DEFAULT NULL,
  `ID` int(11) NOT NULL,
  `ORDER1` int(11) DEFAULT NULL,
  `PARENT_TASK` varchar(100) DEFAULT NULL
) ENGINE=InnoDB DEFAULT CHARSET=utf8mb4 COLLATE=utf8mb4_general_ci;

--
-- Dumping data for table `task_setup_add`
--

INSERT INTO `task_setup_add` (`TASK_ID`, `PROJECT`, `MILESTONE_TASK`, `IS_MILESTONE`, `RESPONSIBLE`, `PLAN_START`, `PLAN_DURATION`, `PLAN_END`, `ACTUAL_START`, `ACTUAL_DURATION`, `ACTUAL_END`, `ACTUAL_PROGRESS`, `STATUS`, `COMPLEXITY`, `PRIORITY`, `FLAG`, `PLAN_HOUR`, `COLUMN1`, `COLUMN2`, `COLUMN3`, `COLUMN4`, `COLUMN5`, `COLUMN6`, `COLUMN7`, `HEAT_TASK`, `REMARK`, `ERROR`, `PROJECT2`, `PLAN_DAY`, `ACTUAL_DAY`, `PROGRESS`, `STATUS2`, `COMPLEXITY2`, `PRIORITY2`, `VALID_TASK`, `TASK_FLTB`, `FLTPRO`, `ACTPLAN_DAY`, `ACTUAL_HOUR`, `TASK_FLTC`, `STATUS1`, `ATT1`, `ATT2`, `ATT3`, `ATT4`, `ATT5`, `UPDATETIME`, `ORDER`, `SYSDATE1`, `ID`, `ORDER1`, `PARENT_TASK`) VALUES
('PT1', '5', 'FEA Analysis', '70', NULL, NULL, NULL, NULL, NULL, NULL, NULL, NULL, NULL, NULL, NULL, NULL, NULL, NULL, NULL, NULL, NULL, NULL, NULL, NULL, NULL, NULL, NULL, NULL, NULL, NULL, NULL, NULL, NULL, NULL, NULL, NULL, NULL, NULL, NULL, NULL, NULL, NULL, NULL, NULL, NULL, NULL, NULL, NULL, '2026-05-17', 3, 7, '5'),
('PT2', '7', 'test', '21', NULL, NULL, NULL, NULL, NULL, NULL, NULL, NULL, NULL, NULL, NULL, NULL, NULL, NULL, NULL, NULL, NULL, NULL, NULL, NULL, NULL, NULL, NULL, NULL, NULL, NULL, NULL, NULL, NULL, NULL, NULL, NULL, NULL, NULL, NULL, NULL, NULL, NULL, NULL, NULL, NULL, NULL, NULL, NULL, '2026-05-22', 4, 13, '10');

-- --------------------------------------------------------

--
-- Table structure for table `trial_rr`
--

CREATE TABLE `trial_rr` (
  `PROJECT_ID` varchar(100) DEFAULT NULL,
  `PROCESS_ID` varchar(100) DEFAULT NULL,
  `STDPROC_ID` varchar(100) DEFAULT NULL,
  `TRIAL_NO` varchar(100) DEFAULT NULL,
  `TRIAL_STAT` varchar(255) DEFAULT NULL,
  `TRIAL_MACHINE` varchar(100) DEFAULT NULL,
  `TRIAL_DATE` date DEFAULT NULL,
  `ACTUAL` float DEFAULT NULL,
  `OK` float DEFAULT NULL,
  `NG` float DEFAULT NULL,
  `PERCT` float DEFAULT NULL,
  `TARGET` float DEFAULT NULL,
  `CT` float DEFAULT NULL,
  `CT_TARGET` float DEFAULT NULL,
  `BERAT` float DEFAULT NULL,
  `BERAT_TARGET` float DEFAULT NULL,
  `STATUS1` varchar(100) DEFAULT NULL,
  `SYSDATE1` date DEFAULT NULL,
  `ATT1` varchar(100) DEFAULT NULL,
  `ATT2` varchar(100) DEFAULT NULL,
  `ATT3` varchar(100) DEFAULT NULL,
  `ATT4` varchar(100) DEFAULT NULL,
  `ATT5` varchar(100) DEFAULT NULL,
  `ISACTIVE` varchar(100) DEFAULT NULL,
  `UPDATETIME` varchar(100) DEFAULT NULL,
  `ORDER` decimal(38,0) DEFAULT NULL,
  `ID` int(11) NOT NULL,
  `SOFTCOPY_ID` varchar(100) DEFAULT NULL,
  `PIC` varchar(100) DEFAULT NULL
) ENGINE=InnoDB DEFAULT CHARSET=utf8mb4 COLLATE=utf8mb4_general_ci;

--
-- Dumping data for table `trial_rr`
--

INSERT INTO `trial_rr` (`PROJECT_ID`, `PROCESS_ID`, `STDPROC_ID`, `TRIAL_NO`, `TRIAL_STAT`, `TRIAL_MACHINE`, `TRIAL_DATE`, `ACTUAL`, `OK`, `NG`, `PERCT`, `TARGET`, `CT`, `CT_TARGET`, `BERAT`, `BERAT_TARGET`, `STATUS1`, `SYSDATE1`, `ATT1`, `ATT2`, `ATT3`, `ATT4`, `ATT5`, `ISACTIVE`, `UPDATETIME`, `ORDER`, `ID`, `SOFTCOPY_ID`, `PIC`) VALUES
('5', '71', NULL, 'TRIAL 1', 'Mold modif', '4P', '2026-05-15', 100, 50, NULL, 50, 100, 14, 15, 14, 15, NULL, '2026-05-17', NULL, NULL, NULL, NULL, NULL, NULL, NULL, NULL, 12, '[15]', 'pe');

-- --------------------------------------------------------

--
-- Table structure for table `trial_rr_det`
--

CREATE TABLE `trial_rr_det` (
  `PROJECT_ID` varchar(100) DEFAULT NULL,
  `PROCESS_ID` varchar(100) DEFAULT NULL,
  `STDPROC_ID` varchar(100) DEFAULT NULL,
  `TRIAL_NO` varchar(100) DEFAULT NULL,
  `TRANS_TYPE` varchar(100) DEFAULT NULL,
  `DEFECT_ID` varchar(100) DEFAULT NULL,
  `ACTUAL` float DEFAULT NULL,
  `OK` float DEFAULT NULL,
  `NG` float DEFAULT NULL,
  `PERCT` float DEFAULT NULL,
  `STATUS1` varchar(100) DEFAULT NULL,
  `SYSDATE1` date DEFAULT NULL,
  `ATT1` varchar(100) DEFAULT NULL,
  `ATT2` varchar(100) DEFAULT NULL,
  `ATT3` varchar(100) DEFAULT NULL,
  `ATT4` varchar(100) DEFAULT NULL,
  `ATT5` varchar(100) DEFAULT NULL,
  `ISACTIVE` varchar(100) DEFAULT NULL,
  `UPDATETIME` varchar(100) DEFAULT NULL,
  `ORDER` int(11) DEFAULT NULL,
  `ID` int(11) NOT NULL,
  `PIC` varchar(100) DEFAULT NULL
) ENGINE=InnoDB DEFAULT CHARSET=utf8mb4 COLLATE=utf8mb4_general_ci;

--
-- Dumping data for table `trial_rr_det`
--

INSERT INTO `trial_rr_det` (`PROJECT_ID`, `PROCESS_ID`, `STDPROC_ID`, `TRIAL_NO`, `TRANS_TYPE`, `DEFECT_ID`, `ACTUAL`, `OK`, `NG`, `PERCT`, `STATUS1`, `SYSDATE1`, `ATT1`, `ATT2`, `ATT3`, `ATT4`, `ATT5`, `ISACTIVE`, `UPDATETIME`, `ORDER`, `ID`, `PIC`) VALUES
('5', '71', NULL, '12', 'CASTING', '29', 100, 50, 10, 10, '1', '2026-05-17', NULL, NULL, NULL, NULL, NULL, NULL, NULL, 1, 15, 'pe'),
('5', '71', NULL, '12', 'CASTING', '30', 100, 50, 20, 20, '1', '2026-05-17', NULL, NULL, NULL, NULL, NULL, NULL, NULL, 1, 16, 'pe'),
('5', '71', NULL, '12', 'CASTING', '31', 100, 50, 5, 5, '1', '2026-05-17', NULL, NULL, NULL, NULL, NULL, NULL, NULL, 1, 17, 'pe'),
('5', '71', NULL, '12', 'CASTING', '32', 100, 50, 10, 10, '1', '2026-05-17', NULL, NULL, NULL, NULL, NULL, NULL, NULL, 1, 18, 'pe'),
('5', '71', NULL, '12', 'CASTING', '33', 100, 50, 5, 5, '1', '2026-05-17', NULL, NULL, NULL, NULL, NULL, NULL, NULL, 1, 19, 'pe');

-- --------------------------------------------------------

--
-- Table structure for table `users`
--

CREATE TABLE `users` (
  `id` int(11) NOT NULL,
  `name` varchar(255) DEFAULT NULL,
  `npk` varchar(50) DEFAULT NULL,
  `role_id` int(11) DEFAULT NULL,
  `password` varchar(255) DEFAULT NULL,
  `reset_pass` varchar(255) DEFAULT NULL
) ENGINE=InnoDB DEFAULT CHARSET=utf8mb4 COLLATE=utf8mb4_general_ci;

--
-- Dumping data for table `users`
--

INSERT INTO `users` (`id`, `name`, `npk`, `role_id`, `password`, `reset_pass`) VALUES
(1, 'pe', 'OS1234', 81, '94eedc562f158d14046d2f00c85ec443', NULL),
(2, 'pm', 'OS123', 80, 'd47e6c38b3dfe905f8ba477c481c62fa', NULL),
(3, 'qa', 'OS12345', 82, '0bc24ba557a2526a83e81c8672be2f88', NULL);

--
-- Indexes for dumped tables
--

--
-- Indexes for table `activity_log`
--
ALTER TABLE `activity_log`
  ADD PRIMARY KEY (`ID`);

--
-- Indexes for table `client`
--
ALTER TABLE `client`
  ADD PRIMARY KEY (`ID`);

--
-- Indexes for table `defect`
--
ALTER TABLE `defect`
  ADD PRIMARY KEY (`ID`);

--
-- Indexes for table `holiday`
--
ALTER TABLE `holiday`
  ADD PRIMARY KEY (`ID`);

--
-- Indexes for table `invoice_mgmt`
--
ALTER TABLE `invoice_mgmt`
  ADD PRIMARY KEY (`ID`);

--
-- Indexes for table `lov`
--
ALTER TABLE `lov`
  ADD PRIMARY KEY (`ID`);

--
-- Indexes for table `project`
--
ALTER TABLE `project`
  ADD PRIMARY KEY (`ID`);

--
-- Indexes for table `project_task`
--
ALTER TABLE `project_task`
  ADD PRIMARY KEY (`ID`);

--
-- Indexes for table `resource_mgmt`
--
ALTER TABLE `resource_mgmt`
  ADD PRIMARY KEY (`ID`);

--
-- Indexes for table `softcopy`
--
ALTER TABLE `softcopy`
  ADD PRIMARY KEY (`ID`);

--
-- Indexes for table `standard`
--
ALTER TABLE `standard`
  ADD PRIMARY KEY (`ID`);

--
-- Indexes for table `task_setup`
--
ALTER TABLE `task_setup`
  ADD PRIMARY KEY (`ID`);

--
-- Indexes for table `task_setup_add`
--
ALTER TABLE `task_setup_add`
  ADD PRIMARY KEY (`ID`);

--
-- Indexes for table `trial_rr`
--
ALTER TABLE `trial_rr`
  ADD PRIMARY KEY (`ID`);

--
-- Indexes for table `trial_rr_det`
--
ALTER TABLE `trial_rr_det`
  ADD PRIMARY KEY (`ID`);

--
-- Indexes for table `users`
--
ALTER TABLE `users`
  ADD PRIMARY KEY (`id`);

--
-- AUTO_INCREMENT for dumped tables
--

--
-- AUTO_INCREMENT for table `activity_log`
--
ALTER TABLE `activity_log`
  MODIFY `ID` int(11) NOT NULL AUTO_INCREMENT, AUTO_INCREMENT=5;

--
-- AUTO_INCREMENT for table `client`
--
ALTER TABLE `client`
  MODIFY `ID` int(11) NOT NULL AUTO_INCREMENT, AUTO_INCREMENT=3;

--
-- AUTO_INCREMENT for table `defect`
--
ALTER TABLE `defect`
  MODIFY `ID` int(11) NOT NULL AUTO_INCREMENT, AUTO_INCREMENT=64;

--
-- AUTO_INCREMENT for table `holiday`
--
ALTER TABLE `holiday`
  MODIFY `ID` int(11) NOT NULL AUTO_INCREMENT, AUTO_INCREMENT=18;

--
-- AUTO_INCREMENT for table `invoice_mgmt`
--
ALTER TABLE `invoice_mgmt`
  MODIFY `ID` int(11) NOT NULL AUTO_INCREMENT, AUTO_INCREMENT=5;

--
-- AUTO_INCREMENT for table `lov`
--
ALTER TABLE `lov`
  MODIFY `ID` int(11) NOT NULL AUTO_INCREMENT, AUTO_INCREMENT=127;

--
-- AUTO_INCREMENT for table `project`
--
ALTER TABLE `project`
  MODIFY `ID` int(11) NOT NULL AUTO_INCREMENT, AUTO_INCREMENT=8;

--
-- AUTO_INCREMENT for table `project_task`
--
ALTER TABLE `project_task`
  MODIFY `ID` int(11) NOT NULL AUTO_INCREMENT, AUTO_INCREMENT=90;

--
-- AUTO_INCREMENT for table `resource_mgmt`
--
ALTER TABLE `resource_mgmt`
  MODIFY `ID` int(11) NOT NULL AUTO_INCREMENT, AUTO_INCREMENT=6;

--
-- AUTO_INCREMENT for table `softcopy`
--
ALTER TABLE `softcopy`
  MODIFY `ID` int(11) NOT NULL AUTO_INCREMENT, AUTO_INCREMENT=16;

--
-- AUTO_INCREMENT for table `standard`
--
ALTER TABLE `standard`
  MODIFY `ID` int(11) NOT NULL AUTO_INCREMENT, AUTO_INCREMENT=46;

--
-- AUTO_INCREMENT for table `task_setup`
--
ALTER TABLE `task_setup`
  MODIFY `ID` int(11) NOT NULL AUTO_INCREMENT, AUTO_INCREMENT=15;

--
-- AUTO_INCREMENT for table `task_setup_add`
--
ALTER TABLE `task_setup_add`
  MODIFY `ID` int(11) NOT NULL AUTO_INCREMENT, AUTO_INCREMENT=5;

--
-- AUTO_INCREMENT for table `trial_rr`
--
ALTER TABLE `trial_rr`
  MODIFY `ID` int(11) NOT NULL AUTO_INCREMENT, AUTO_INCREMENT=13;

--
-- AUTO_INCREMENT for table `trial_rr_det`
--
ALTER TABLE `trial_rr_det`
  MODIFY `ID` int(11) NOT NULL AUTO_INCREMENT, AUTO_INCREMENT=20;

--
-- AUTO_INCREMENT for table `users`
--
ALTER TABLE `users`
  MODIFY `id` int(11) NOT NULL AUTO_INCREMENT, AUTO_INCREMENT=4;
COMMIT;

/*!40101 SET CHARACTER_SET_CLIENT=@OLD_CHARACTER_SET_CLIENT */;
/*!40101 SET CHARACTER_SET_RESULTS=@OLD_CHARACTER_SET_RESULTS */;
/*!40101 SET COLLATION_CONNECTION=@OLD_COLLATION_CONNECTION */;
